kedro,146,0
kedro,87,1
kedro,68,2
kedro,45,3
kedro,66,4
kedro,24,5
kedro,81,6
kedro,103,7
kedro,9,8
kedro,3,9
kedro,100,10
kedro,34,11
kedro,13,12
kedro,4,13
kedro,48,14
kedro,144,15
kedro,124,16
kedro,8,17
kedro,27,18
kedro,31,19
kedro,51,20
kedro,18,21
kedro,102,22
kedro,36,23
kedro,101,24
kedro,7,25
kedro,67,26
kedro,2,27
kedro,82,28
kedro,76,29
kedro,107,30
kedro,35,31
kedro,145,32
kedro,19,33
thumbor,203,0
thumbor,28,1
thumbor,64,2
thumbor,195,3
thumbor,194,4
thumbor,177,5
thumbor,83,6
thumbor,241,7
thumbor,242,8
thumbor,80,9
thumbor,81,10
thumbor,188,11
thumbor,186,12
thumbor,225,13
thumbor,9,14
thumbor,53,15
thumbor,199,16
thumbor,219,17
thumbor,196,18
thumbor,13,19
thumbor,238,20
thumbor,226,21
thumbor,184,22
thumbor,243,23
thumbor,240,24
thumbor,21,25
thumbor,174,26
thumbor,220,27
thumbor,178,28
thumbor,191,29
thumbor,183,30
thumbor,185,31
thumbor,235,32
thumbor,181,33
thumbor,176,34
thumbor,201,35
thumbor,70,36
thumbor,59,37
thumbor,175,38
thumbor,77,39
thumbor,18,40
thumbor,189,41
thumbor,192,42
thumbor,204,43
thumbor,46,44
thumbor,193,45
thumbor,179,46
thumbor,78,47
thumbor,180,48
thumbor,244,49
thumbor,36,50
thumbor,187,51
thumbor,221,52
thumbor,74,53
thumbor,67,54
thumbor,79,55
thumbor,190,56
thumbor,2,57
thumbor,82,58
thumbor,182,59
thumbor,239,60
thumbor,76,61
thumbor,50,62
thumbor,202,63
thumbor,12,64
thumbor,197,65
magenta,146,0
magenta,113,1
magenta,6,2
magenta,45,3
magenta,9,4
magenta,156,5
magenta,34,6
magenta,72,7
magenta,150,8
magenta,55,9
magenta,144,10
magenta,73,11
magenta,105,12
magenta,51,13
magenta,59,14
magenta,143,15
magenta,77,16
magenta,159,17
magenta,157,18
magenta,50,19
magenta,160,20
magenta,145,21
magenta,12,22
yapf,23,0
yapf,6,1
yapf,24,2
yapf,9,3
yapf,30,4
yapf,22,5
yapf,11,6
yapf,21,7
yapf,29,8
yapf,8,9
yapf,27,10
yapf,57,11
yapf,0,12
yapf,18,13
yapf,62,14
yapf,14,15
yapf,10,16
yapf,54,17
yapf,56,18
yapf,7,19
yapf,15,20
yapf,19,21
yapf,12,22
yapf,26,23
celery,23,0
celery,24,1
celery,22,2
celery,62,3
celery,49,4
celery,61,5
dgl,195,0
dgl,177,1
dgl,100,2
dgl,136,3
dgl,174,4
dgl,178,5
dgl,176,6
dgl,70,7
dgl,89,8
dgl,175,9
dgl,18,10
dgl,189,11
dgl,179,12
dgl,180,13
dgl,137,14
dgl,173,15
dgl,101,16
dgl,79,17
dgl,127,18
dgl,17,19
dgl,16,20
dgl,202,21
clusterfuzz,104,0
clusterfuzz,169,1
clusterfuzz,47,2
clusterfuzz,207,3
clusterfuzz,62,4
clusterfuzz,121,5
clusterfuzz,206,6
clusterfuzz,15,7
clusterfuzz,133,8
clusterfuzz,95,9
clusterfuzz,131,10
